{
    "заповедная": {
      "max_group_size": 5,
      "requires_permission": true,
      "allowed_months": [6, 7, 8],
      "allowed_transport": ["пеший"],
      "penalty_weight": 1000,
      "description": "Строгая охрана: только научные экспедиции с разрешением администрации"
    },
    "особо охраняемая": {
      "max_group_size": 15,
      "requires_guide": true,
      "allowed_months": [5, 6, 7, 8, 9],
      "allowed_transport": ["пеший", "конный"],
      "penalty_weight": 500,
      "description": "Территория с редкими видами: доступ только с гидом"
    },
    "рекреационная": {
      "max_group_size": 30,
      "requires_guide": false,
      "allowed_months": [4, 5, 6, 7, 8, 9, 10],
      "allowed_transport": ["пеший", "велосипед", "канатная дорога"],
      "penalty_weight": 50,
      "description": "Экологический туризм: разрешены образовательные маршруты"
    },
    "традиционного природопользования": {
      "max_group_size": 50,
      "requires_permission": false,
      "allowed_months": [1, 2, 3, 4, 5, 6, 7, 8, 9, 10, 11, 12],
      "allowed_transport": ["автомобиль", "лошади", "пеший"],
      "penalty_weight": 10,
      "description": "Используется местным населением для традиционного хозяйства"
    }
  }