{
    "legal_documents": [
      {
        "title": "Федеральный закон № 33-ФЗ «Об особо охраняемых природных территориях»",
        "url": "https://base.garant.ru/10144222/",
        "key_provisions": [
          {
            "article": "Статья 15, пункты 2–6",
            "topic": "Функциональное зонирование",
            "summary": "Устанавливает категории зон национальных парков: заповедная, особо охраняемая, рекреационная, зона традиционного природопользования. Конкретные границы и режимы определяются Положением о конкретном парке."
          },
          {
            "article": "Статья 15, пункт 3",
            "topic": "Доступ и передвижение туристов",
            "summary": "Пребывание граждан разрешено только на дорогах, тропах и оборудованных туристских маршрутах. Любое движение вне установленных маршрутов запрещено."
          },
          {
            "article": "Статья 15, пункт 1 (в связи со Статьей 9, пункт 1)",
            "topic": "Запреты на деятельность",
            "summary": "На всей территории национального парка запрещены: рубка леса, охота, сбор редких растений, нарушение почвенного покрова, самовольное разведение костров. Эти ограничения действуют независимо от типа зоны."
          }
        ]
      },
      {
        "title": "Положение о национальном парке «Приэльбрусье»",
        "url": "https://priroda.kbr.ru/documents/polozhenie_o_natsionalnom_parke_prielbruse/",
        "key_provisions": [
          "Приложение 3: Схема функционального зонирования",
          "Раздел 5: Правила посещения парка",
          "Раздел 7: Ответственность за нарушение режима"
        ]
      },
      {
        "title": "Стратегия развития туризма в РФ до 2035 г.",
        "url": "https://static.government.ru/media/files/0264240000.pdf",
        "relevance": "Пункт 3.2: Развитие экологического туризма в ООПТ"
      }
    ],
    "compliance_check": {
      "route_validation": "Маршрут должен соответствовать зонированию и сезонным ограничениям",
      "penalty": "Нарушение правил - автоматический отказ в генерации маршрута"
    }
  }