{
    "transport_rules": {
      "пеший": ["заповедная", "особо охраняемая", "рекреационная", "традиционного природопользования"],
      "велосипед": ["рекреационная", "традиционного природопользования"],
      "лошади": ["рекреационная", "традиционного природопользования"],
      "автомобиль": ["традиционного природопользования"],
      "квадроцикл": [],
      "канатная дорога": ["рекреационная"],
      "снегоход": []
    },
    "disallowed_reasons": {
      "квадроцикл": "Нарушает почвенный покров и шумит в зонах обитания редких видов",
      "снегоход": "Опасен для ледниковых экосистем и зимних гнездовий"
    }
  }