{
  "points": [
    {
      "name": "Долина Азау (старт канатной дороги)",
      "coordinates": [42.4833, 43.3833],  
      "elevation_m": 2350,
      "zone_type": "рекреационная",
      "description": "Основной стартовый пункт для восхождений и экскурсий.",
      "category": "инфраструктура",
      "educational_value": "геология, этнография, ледники"
    },
    {
      "name": "Гора Чегет",
      "coordinates": [42.4000, 43.3167],  
      "elevation_m": 3600,
      "zone_type": "рекреационная",
      "description": "Смотровая площадка с панорамой Эльбруса.",
      "category": "природные объекты",
      "educational_value": "альпинизм, высокогорная экология"
    },
    {
      "name": "Ледник Герлаховского",
      "coordinates": [42.6789, 43.1234],  
      "elevation_m": 3200,
      "zone_type": "особо охраняемая",
      "description": "Уникальный ледниковый комплекс.",
      "category": "природные объекты",
      "educational_value": "ледники, гляциология"
    },
    {
      "name": "Вершина Эльбруса (Западная)",
      "coordinates": [42.4374, 43.3511], 
      "elevation_m": 5642,
      "zone_type": "заповедная",
      "description": "Высочайшая точка Европы.",
      "category": "географические объекты",
      "educational_value": "альпинизм, геология"
    },
    {
      "name": "Долина Нарзанов",
      "coordinates": [42.5000, 43.2500],
      "elevation_m": 2400,
      "zone_type": "особо охраняемая",
      "description": "Минеральные источники.",
      "category": "культурные объекты",
      "educational_value": "этнография, гидрология"
    }
  ]
}