{
    "infrastructure": [
      {
        "name": "Смотровая площадка «Чегет»",
        "coordinates": [43.3170, 42.4010],
        "type": "смотровая площадка",
        "zone_type": "рекреационная",
        "description": "Панорамный вид на Эльбрус. Информационные стенды."
      },
      {
        "name": "Туристическая стоянка «Азау»",
        "coordinates": [43.3830, 42.4830],
        "type": "стоянка",
        "zone_type": "рекреационная",
        "description": "Оборудованная стоянка с кемпингом, туалетами и пунктами помощи."
      },
      {
        "name": "Пункт экопросвещения «Ледник Герлаховского»",
        "coordinates": [43.1230, 42.6780],
        "type": "центр экопросвещения",
        "zone_type": "особо охраняемая",
        "description": "Информация о ледниках, правила поведения в заповедной зоне."
      },
      {
        "name": "Информационный стенд «Долина Нарзанов»",
        "coordinates": [43.2505, 42.5005],
        "type": "стенд",
        "zone_type": "особо охраняемая",
        "description": "Описание культурного значения источников, правила поведения."
      }
    ]
  }