{
    "seasonal_restrictions": {
      "весна": {
        "months": [3, 4, 5],
        "restricted_zones": ["заповедная", "особо охраняемая"],
        "reason": "Период гнездования птиц и цветения редких растений"
      },
      "лето": {
        "months": [6, 7, 8],
        "restricted_zones": [],
        "reason": "Основной сезон экотуризма"
      },
      "осень": {
        "months": [9, 10, 11],
        "restricted_zones": ["заповедная"],
        "reason": "Период миграции животных"
      },
      "зима": {
        "months": [12, 1, 2],
        "restricted_zones": ["заповедная", "особо охраняемая"],
        "reason": "Высокая лавинная опасность и нарушение экосистемы"
      }
    }
  }