{
  "allowed_transport": {
    "пеший": ["заповедная", "особо охраняемая", "рекреационная", "традиционного природопользования"],
    "велосипед": ["рекреационная", "традиционного природопользования"],
    "лошади": ["рекреационная", "традиционного природопользования"],
    "автомобиль": ["традиционного природопользования"],
    "канатная дорога": ["рекреационная"]
  },
  "disallowed_reasons": {
    "квадроцикл": "Нарушает почвенный покров и шумит в зонах обитания редких видов (ст. 9 п.1 ФЗ-33)",
    "снегоход": "Опасен для ледниковых экосистем и зимних гнездовий (ст. 15 п.1 ФЗ-33)"
  }
}