{
    "valid_routes": [
      {
        "name": "Экологический маршрут «Ледники и горы»",
        "difficulty": "средний",
        "length_km": 12.5,
        "duration_hours": 6,
        "points": ["Долина Азау", "Гора Чегет", "Ледник Герлаховского"],
        "zones": ["рекреационная", "рекреационная", "особо охраняемая"],
        "season": "лето",
        "group_size": 12,
        "compliance_status": "valid",
        "eco_score": 95,
        "description": "Маршрут с гидом, соблюдает все правила"
      },
      {
        "name": "Семейный маршрут «Долина нарзанов»",
        "difficulty": "лёгкий",
        "length_km": 5.2,
        "duration_hours": 3,
        "points": ["Долина Азау", "Долина Нарзанов"],
        "zones": ["рекреационная", "особо охраняемая"],
        "season": "лето",
        "group_size": 8,
        "compliance_status": "valid",
        "eco_score": 98,
        "description": "Маршрут для семей с детьми, без нарушений"
      }
    ],
    "invalid_routes": [
      {
        "name": "Нарушение в заповедной зоне",
        "difficulty": "сложный",
        "length_km": 8.0,
        "duration_hours": 5,
        "points": ["Долина Азау", "Вершина Эльбруса"],
        "zones": ["рекреационная", "заповедная"],
        "season": "лето",
        "group_size": 10,
        "compliance_status": "invalid",
        "violations": [
          "Доступ в заповедную зону без разрешения",
          "Группа превышает лимит (10 > 5 человек)"
        ]
      },
      {
        "name": "Зимний маршрут в особо охраняемой зоне",
        "difficulty": "средний",
        "length_km": 10.0,
        "duration_hours": 4,
        "points": ["Долина Азау", "Ледник Герлаховского"],
        "zones": ["рекреационная", "особо охраняемая"],
        "season": "зима",
        "group_size": 5,
        "compliance_status": "invalid",
        "violations": [
          "Запрещенное посещение особо охраняемой зоны зимой",
          "Высокая лавинная опасность"
        ]
      }
    ]
  }