
{
    "points": [
      {
        "name": "Долина Азау (старт канатной дороги)",
        "coordinates": [43.3833, 42.4833],
        "elevation_m": 2350,
        "zone_type": "рекреационная",
        "description": "Основной стартовый пункт для восхождений и экскурсий.这里有 центр экопросвещения.",
        "category": "инфраструктура",
        "educational_value": "геология, ледники"
      },
      {
        "name": "Гора Чегет",
        "coordinates": [43.3167, 42.4000],
        "elevation_m": 3600,
        "zone_type": "рекреационная",
        "description": "Смотровая площадка с панорамой Эльбруса. Место наблюдения за горными козлами.",
        "category": "природные объекты",
        "educational_value": "высокогорная экология"
      },
      {
        "name": "Ледник Герлаховского (точка обзора)",
        "coordinates": [43.1234, 42.6789],
        "elevation_m": 3200,
        "zone_type": "особо охраняемая",
        "description": "Уникальный ледниковый комплекс. Доступ только с гидом по согласованию.",
        "category": "природные объекты",
        "educational_value": "ледниковые процессы"
      },
      {
        "name": "Вершина Эльбруса (Западная)",
        "coordinates": [43.3511, 42.4374],
        "elevation_m": 5642,
        "zone_type": "заповедная",
        "description": "Высочайшая точка Европы. Альпинизм только по специальному разрешению.",
        "category": "географические объекты",
        "educational_value": "альпинизм, геология"
      },
      {
        "name": "Долина Нарзанов",
        "coordinates": [43.2500, 42.5000],
        "elevation_m": 2400,
        "zone_type": "особо охраняемая",
        "description": "Минеральные источники. Место силы с культурным значением для балкарцев.",
        "category": "культурные объекты",
        "educational_value": "этнография, гидрология"
      }
    ]
  }